,s1_1,s2_1,s1_2,s2_2,s1_3,s2_3
0,,1.7343003003003001,2.5345345345345347,2.5355345345345346,2.186186186186186,2.187186186186186
1,,1.7262942942942943,2.5305305305305303,2.5315305305305302,2.1821821821821823,2.183182182182182
2,,1.722291291291291,2.5265265265265264,2.5275265265265263,2.174174174174174,2.177000826652478
3,,1.7182882882882882,2.5225225225225225,2.5235225225225224,2.17017017017017,2.17117017017017
4,,1.7142852852852852,2.5185185185185186,2.5195185185185185,2.166166166166166,2.167166166166166
5,,1.710282282282282,2.5145145145145147,2.5155145145145146,2.1621621621621623,2.163162162162162
6,,1.7062792792792791,2.5105105105105103,2.51151051051051,2.158158158158158,2.159158158158158
7,,1.7022762762762762,2.5065065065065064,2.5075065065065063,2.154154154154154,2.155154154154154
8,,1.69427027027027,2.5025025025025025,2.5035025025025024,2.15015015015015,2.15115015015015
9,,1.6902672672672672,2.4984984984984986,2.4994984984984985,2.146146146146146,2.147146146146146
10,,1.6862642642642642,2.4944944944944947,2.4954944944944946,2.1421421421421423,2.143142142142142
11,,1.682261261261261,2.4904904904904903,2.49149049049049,2.138138138138138,2.139138138138138
12,,1.6782582582582581,2.4864864864864864,2.4874864864864863,2.134134134134134,2.135134134134134
13,,1.6742552552552552,2.4824824824824825,2.4834824824824824,2.13013013013013,2.13113013013013
14,,1.666249249249249,2.4784784784784786,2.4794784784784785,2.126126126126126,2.127126126126126
15,,1.6622462462462462,2.4744744744744747,2.4754744744744746,2.1221221221221223,2.123122122122122
16,,1.6582432432432432,2.4704704704704703,2.47147047047047,2.118118118118118,2.119118118118118
17,,1.65424024024024,2.4664664664664664,2.4674664664664663,2.114114114114114,2.115114114114114
18,,1.6502372372372371,2.4624624624624625,2.4634624624624624,2.11011011011011,2.11111011011011
19,,1.642231231231231,2.4584584584584586,2.4594584584584585,2.106106106106106,2.107106106106106
20,,1.6382282282282281,2.4544544544544546,2.4554544544544545,2.1021021021021022,2.103102102102102
21,,1.6342252252252252,2.4504504504504503,2.45145045045045,2.098098098098098,2.0990980980980978
22,,1.630222222222222,2.4464464464464464,2.4474464464464463,2.094094094094094,2.095094094094094
23,,1.626219219219219,2.4424424424424425,2.4434424424424424,2.09009009009009,2.09109009009009
24,,1.6182132132132132,2.4384384384384385,2.4394384384384384,2.086086086086086,2.087086086086086
25,,1.61421021021021,2.4344344344344346,2.4354344344344345,2.0820820820820822,2.083082082082082
26,,1.6102072072072071,2.4304304304304303,2.43143043043043,2.078078078078078,2.0790780780780778
27,,1.6062042042042042,2.4264264264264264,2.4274264264264263,2.074074074074074,2.075074074074074
28,,1.598198198198198,2.4224224224224224,2.4234224224224223,2.07007007007007,2.07107007007007
29,,1.5941951951951951,2.4184184184184185,2.4194184184184184,2.066066066066066,2.067066066066066
30,,1.590192192192192,2.414414414414414,2.415414414414414,2.062062062062062,2.063062062062062
31,,1.5821861861861861,2.4104104104104103,2.41141041041041,2.058058058058058,2.0590580580580577
32,,1.5781831831831832,2.4064064064064064,2.4074064064064062,2.054054054054054,2.055054054054054
33,,1.57418018018018,2.4024024024024024,2.4034024024024023,2.05005005005005,2.05105005005005
34,,1.570177177177177,2.3983983983983985,2.3993983983983984,2.046046046046046,2.047046046046046
35,,1.562171171171171,2.394394394394394,2.395394394394394,2.042042042042042,2.043042042042042
36,,1.558168168168168,2.3903903903903903,2.39139039039039,2.034034034034034,2.035034034034034
37,,1.5541651651651651,2.3863863863863863,2.3873863863863862,2.03003003003003,2.03103003003003
38,,1.546159159159159,2.3823823823823824,2.3833823823823823,2.026026026026026,2.027026026026026
39,,1.542156156156156,2.3783783783783785,2.3793783783783784,2.022022022022022,2.023022022022022
40,,1.5381531531531532,2.374374374374374,2.375374374374374,2.018018018018018,2.0190180180180177
41,,1.530147147147147,2.3703703703703702,2.37137037037037,2.014014014014014,2.015014014014014
42,,1.5261441441441441,2.3663663663663663,2.367366366366366,2.01001001001001,2.01101001001001
43,,1.522141141141141,2.3623623623623624,2.3633623623623623,2.006006006006006,2.007006006006006
44,,1.514135135135135,2.3583583583583585,2.3593583583583584,2.002002002002002,2.003002002002002
45,,1.510132132132132,2.354354354354354,2.355354354354354,1.997997997997998,1.998997997997998
46,,1.502126126126126,2.3503503503503502,2.35135035035035,1.993993993993994,1.9949939939939938
47,,1.498123123123123,2.3463463463463463,2.347346346346346,1.98998998998999,1.9909899899899899
48,,1.49412012012012,2.3423423423423424,2.3433423423423423,1.985985985985986,1.986985985985986
49,,1.486114114114114,2.3383383383383385,2.3393383383383384,1.981981981981982,1.9829819819819818
50,,1.482111111111111,2.334334334334334,2.335334334334334,1.977977977977978,1.978977977977978
51,,1.474105105105105,2.33033033033033,2.33133033033033,1.973973973973974,1.9749739739739738
52,,1.470102102102102,2.3263263263263263,2.327326326326326,1.96996996996997,1.9709699699699699
53,,1.462096096096096,2.3223223223223224,2.3233223223223223,1.9659659659659658,1.9669659659659657
54,,1.4580930930930929,2.3183183183183185,2.3193183183183184,1.957957957957958,1.958957957957958
55,,1.450087087087087,2.314314314314314,2.315314314314314,1.9539539539539539,1.9549539539539538
56,,1.446084084084084,2.31031031031031,2.31131031031031,1.94994994994995,1.9509499499499499
57,,1.438078078078078,2.3063063063063063,2.307306306306306,1.9459459459459458,1.9469459459459457
58,,1.434075075075075,2.3023023023023024,2.3033023023023023,1.941941941941942,1.9429419419419418
59,,1.426069069069069,2.2982982982982985,2.2992982982982983,1.937937937937938,1.938937937937938
60,,1.422066066066066,2.294294294294294,2.295294294294294,1.9339339339339339,1.9349339339339338
61,,1.41406006006006,2.29029029029029,2.29129029029029,1.92992992992993,1.9309299299299298
62,,1.406054054054054,2.2862862862862863,2.287286286286286,1.9259259259259258,1.9269259259259257
63,,1.4020510510510509,2.2822822822822824,2.2832822822822822,1.921921921921922,1.9229219219219218
64,,1.394045045045045,2.2782782782782784,2.2792782782782783,1.917917917917918,1.9189179179179179
65,,1.386039039039039,2.274274274274274,2.275274274274274,1.9139139139139139,1.9149139139139137
66,,1.382036036036036,2.27027027027027,2.27127027027027,1.90990990990991,1.9109099099099098
67,,1.3740300300300299,2.2662662662662663,2.267266266266266,1.901901901901902,1.9029019019019018
68,,1.366024024024024,2.2622622622622623,2.2632622622622622,1.897897897897898,1.8988978978978979
69,,1.3620210210210209,2.2582582582582584,2.2592582582582583,,1.8944204204204202
70,,1.354015015015015,2.254254254254254,2.255254254254254,,1.8904174174174173
71,,1.3460090090090089,2.25025025025025,2.25125025025025,,1.8864144144144144
72,,1.3380030030030028,2.2462462462462462,2.247246246246246,,1.8824114114114112
73,,1.329996996996997,2.2422422422422423,2.2432422422422422,,1.8784084084084083
74,,1.325993993993994,2.2382382382382384,2.2392382382382383,,1.8744054054054053
75,,1.3179879879879879,2.234234234234234,2.235234234234234,,1.8704024024024022
76,,1.3099819819819818,2.23023023023023,2.23123023023023,,1.8623963963963963
77,,1.301975975975976,2.2262262262262262,2.227226226226226,,1.8583933933933934
78,,1.2939699699699698,2.2222222222222223,2.223222222222222,,1.8543903903903902
79,,1.285963963963964,2.2182182182182184,2.2192182182182183,,1.8503873873873873
80,,1.2779579579579579,2.214214214214214,2.215214214214214,,1.8463843843843843
81,,1.2699519519519518,2.21021021021021,2.21121021021021,,1.8423813813813812
82,,1.261945945945946,2.206206206206206,2.207206206206206,,1.8383783783783783
83,,1.2539399399399398,2.2022022022022023,2.203202202202202,,1.8343753753753753
84,,1.2419309309309308,2.1981981981981984,2.1991981981981983,,1.8303723723723722
85,,1.233924924924925,2.194194194194194,2.195194194194194,,1.8223663663663663
86,,1.2259189189189188,2.19019019019019,2.19119019019019,,1.8183633633633633
87,,1.2179129129129127,2.186186186186186,2.187186186186186,,1.8143603603603602
88,,1.205903903903904,2.1821821821821823,2.183182182182182,,1.8103573573573573
89,,1.1978978978978978,2.178178178178178,2.179178178178178,,1.8063543543543543
90,0.0,1.1858888888888888,2.174174174174174,2.175174174174174,,1.8023513513513512
91,0.0,1.1778828828828827,2.17017017017017,2.17117017017017,,1.7983483483483482
92,0.012012012012012012,1.1664049334619906,2.166166166166166,2.167166166166166,,1.7903423423423421
93,0.024024024024024024,1.1550472244015788,2.1621621621621623,2.163162162162162,,1.7863393393393392
94,0.04004004004004004,1.1466955243531822,2.158158158158158,2.159158158158158,,1.7823363363363363
95,0.05205205205205205,1.1355983360738116,2.154154154154154,2.155154154154154,,1.7783333333333333
96,0.06806806806806806,1.1236123701278855,2.15015015015015,2.15115015015015,,1.7743303303303302
97,0.08008008008008008,1.1127877266656048,2.146146146146146,2.147146146146146,,1.7703273273273272
98,0.0960960960960961,1.0972396390384378,2.1421421421421423,2.143142142142142,,1.7623213213213211
99,0.11211211211211211,1.0858067787507226,2.138138138138138,2.139138138138138,,1.7583183183183182
100,0.12412412412412413,1.0715402539676815,2.134134134134134,2.135134134134134,,1.7543153153153153
101,0.14014014014014015,1.0604681147614081,2.13013013013013,2.13113013013013,,1.750312312312312
102,0.16016016016016016,1.0449771403034667,2.126126126126126,2.127126126126126,,1.7463093093093092
103,0.17617617617617617,1.0305192319446574,2.1221221221221223,2.123122122122122,,1.7383033033033033
104,0.1961961961961962,1.015617435253071,2.118118118118118,2.119118118118118,,1.7343003003003001
105,0.2122122122122122,0.9978619340060781,2.114114114114114,2.115114114114114,,1.7302972972972972
106,0.23223223223223222,0.9797988168348528,2.11011011011011,2.11111011011011,,1.7262942942942943
107,0.25225225225225223,0.9620964207450694,2.106106106106106,2.107106106106106,,1.722291291291291
108,0.27627627627627627,0.9443108574039505,2.1021021021021022,2.103102102102102,,1.7142852852852852
109,0.3003003003003003,0.9233038534029524,2.098098098098098,2.0990980980980978,,1.710282282282282
110,0.32432432432432434,0.8991475529583638,2.094094094094094,2.095094094094094,,1.7062792792792791
111,0.35235235235235235,0.8753449585721857,2.09009009009009,2.09109009009009,,1.7022762762762762
112,0.3843843843843844,0.8485183171159147,2.086086086086086,2.087086086086086,,1.69427027027027
113,0.42042042042042044,0.8154582119657194,2.0820820820820822,2.083082082082082,,1.6902672672672672
114,0.46446446446446443,0.7732768684600516,2.078078078078078,2.0790780780780778,,1.6862642642642642
115,0.5245245245245245,0.7168119631142653,2.074074074074074,2.075074074074074,,1.682261261261261
116,0.6206206206206206,0.6216206206206206,2.07007007007007,2.07107007007007,,1.6782582582582581
117,0.6166166166166166,0.6176166166166166,2.066066066066066,2.067066066066066,,1.670252252252252
118,0.6166166166166166,0.6176166166166166,2.062062062062062,2.063062062062062,,1.666249249249249
119,0.6126126126126126,0.6136126126126126,2.058058058058058,2.0590580580580577,,1.6622462462462462
120,0.6086086086086087,0.6096086086086087,2.054054054054054,2.055054054054054,,1.65424024024024
121,0.6086086086086087,0.6096086086086087,2.05005005005005,2.05105005005005,,1.6502372372372371
122,0.6046046046046046,0.6056046046046046,2.046046046046046,2.047046046046046,,1.6462342342342342
123,0.6006006006006006,0.6016006006006006,2.042042042042042,2.043042042042042,,1.642231231231231
124,0.6006006006006006,0.6016006006006006,2.038038038038038,2.0390380380380377,,1.6342252252252252
125,0.5965965965965966,0.5975965965965966,2.034034034034034,2.035034034034034,,1.630222222222222
126,0.5925925925925926,0.5935925925925926,2.034034034034034,2.035034034034034,,1.626219219219219
127,0.5885885885885885,0.5895885885885885,2.03003003003003,2.03103003003003,,1.6182132132132132
128,0.5885885885885885,0.5895885885885885,2.026026026026026,2.027026026026026,,1.61421021021021
129,0.5845845845845846,0.5855845845845846,2.022022022022022,2.023022022022022,,1.6102072072072071
130,0.5805805805805806,0.5815805805805806,2.018018018018018,2.0190180180180177,,1.602201201201201
131,0.5765765765765766,0.5775765765765766,2.014014014014014,2.015014014014014,,1.598198198198198
132,0.5725725725725725,0.5735725725725725,2.01001001001001,2.01101001001001,,1.5941951951951951
133,0.5725725725725725,0.5735725725725725,2.006006006006006,2.007006006006006,,1.586189189189189
134,0.5685685685685685,0.5695685685685685,2.002002002002002,2.003002002002002,,1.5821861861861861
135,0.5645645645645646,0.5655645645645646,1.997997997997998,1.998997997997998,,1.57418018018018
136,0.5605605605605606,0.5615605605605606,1.993993993993994,1.9949939939939938,,1.570177177177177
137,0.5565565565565566,0.5575565565565566,1.98998998998999,1.9909899899899899,,1.5661741741741741
138,0.5525525525525525,0.5535525525525525,1.985985985985986,1.986985985985986,,1.558168168168168
139,0.5485485485485485,0.5495485485485485,1.981981981981982,1.9829819819819818,,1.5541651651651651
140,0.5445445445445445,0.5455445445445445,1.977977977977978,1.978977977977978,,1.546159159159159
141,0.5405405405405406,0.5415405405405406,1.973973973973974,1.9749739739739738,,1.542156156156156
142,0.5365365365365365,0.5375365365365365,1.96996996996997,1.9709699699699699,,1.5381531531531532
143,0.5325325325325325,0.5335325325325325,1.9659659659659658,1.9669659659659657,,1.530147147147147
144,0.5285285285285285,0.5295285285285285,1.961961961961962,1.9629619619619618,,1.5261441441441441
145,0.5245245245245245,0.5255245245245245,1.957957957957958,1.958957957957958,,1.518138138138138
146,0.5205205205205206,0.5215205205205206,1.9539539539539539,1.9549539539539538,,1.514135135135135
147,0.5165165165165165,0.5175165165165165,1.94994994994995,1.9509499499499499,,1.506129129129129
148,0.5125125125125125,0.5135125125125125,1.9459459459459458,1.9469459459459457,,1.502126126126126
149,0.5085085085085085,0.5095085085085085,1.941941941941942,1.9429419419419418,,1.49412012012012
150,0.5045045045045045,0.5055045045045045,1.937937937937938,1.938937937937938,,1.490117117117117
151,0.5005005005005005,0.5015005005005005,1.9339339339339339,1.9349339339339338,,1.482111111111111
152,0.4964964964964965,0.4974964964964965,1.92992992992993,1.9309299299299298,,1.478108108108108
153,0.48848848848848847,0.48948848848848847,1.9259259259259258,1.9269259259259257,,1.470102102102102
154,0.4844844844844845,0.4854844844844845,1.921921921921922,1.9229219219219218,,1.462096096096096
155,0.4804804804804805,0.4814804804804805,1.917917917917918,1.9189179179179179,,1.4580930930930929
156,0.47647647647647645,0.47747647647647645,1.9139139139139139,1.9149139139139137,,1.450087087087087
157,0.46846846846846846,0.46946846846846846,1.90990990990991,1.9109099099099098,,1.446084084084084
158,0.46446446446446443,0.46546446446446443,1.9059059059059058,1.9069059059059057,,1.438078078078078
159,0.46046046046046046,0.46146046046046046,1.901901901901902,1.9029019019019018,,1.4300720720720719
160,0.45245245245245247,0.45345245245245247,1.897897897897898,1.8988978978978979,,1.426069069069069
161,0.44844844844844844,0.44944844844844845,1.8938938938938938,1.8948938938938937,,1.4180630630630628
162,0.44044044044044045,0.44144044044044045,1.88988988988989,1.8908898898898898,,1.410057057057057
163,0.4364364364364364,0.4374364364364364,1.8858858858858858,1.8868858858858857,,1.406054054054054
164,0.43243243243243246,0.43343243243243246,1.8818818818818819,1.8828818818818818,,1.398048048048048
165,0.4244244244244244,0.4254244244244244,1.877877877877878,1.8788778778778779,,1.3900420420420418
166,0.4164164164164164,0.4174164164164164,1.8738738738738738,1.8748738738738737,,1.386039039039039
167,0.4124124124124124,0.4134124124124124,1.86986986986987,1.8708698698698698,,1.3780330330330328
168,0.4044044044044044,0.4054044044044044,1.86986986986987,1.8708698698698698,,1.370027027027027
169,0.40040040040040037,0.40140040040040037,1.8658658658658658,1.8668658658658657,,1.3620210210210209
170,0.3923923923923924,0.3933923923923924,1.8618618618618619,1.8628618618618618,,1.354015015015015
171,0.3843843843843844,0.3853843843843844,1.8578578578578577,1.8588578578578576,,1.3500120120120118
172,0.3763763763763764,0.3773763763763764,1.8538538538538538,1.8548538538538537,,1.342006006006006
173,0.37237237237237236,0.37337237237237236,1.84984984984985,1.8508498498498498,,1.3339999999999999
174,0.36436436436436437,0.36536436436436437,1.8458458458458458,1.8468458458458457,,1.325993993993994
175,0.3563563563563564,0.3573563563563564,1.8418418418418419,1.8428418418418417,,1.3179879879879879
176,0.3483483483483483,0.3493483483483483,1.8378378378378377,1.8388378378378376,,1.3099819819819818
177,0.34034034034034033,0.34134034034034033,1.8338338338338338,1.8348338338338337,,1.301975975975976
178,0.33233233233233234,0.33333233233233234,1.82982982982983,1.8308298298298298,,1.2939699699699698
179,0.32432432432432434,0.32532432432432434,1.8258258258258258,1.8268258258258256,,1.285963963963964
180,0.3163163163163163,0.3173163163163163,1.8218218218218218,1.8228218218218217,,1.2779579579579579
181,0.3083083083083083,0.3093083083083083,1.8178178178178177,1.8188178178178176,,1.2699519519519518
182,0.3003003003003003,0.3013003003003003,1.8138138138138138,1.8148138138138137,,1.261945945945946
183,0.2922922922922923,0.2932922922922923,1.8098098098098099,1.8108098098098098,,1.2539399399399398
184,0.2802802802802803,0.2812802802802803,1.8058058058058057,1.8068058058058056,,1.245933933933934
185,0.27227227227227224,0.27327227227227224,1.8018018018018018,1.8028018018018017,,1.2379279279279278
186,0.26426426426426425,0.26526426426426425,1.7977977977977977,1.7987977977977976,,1.2299219219219217
187,0.25225225225225223,0.25325225225225223,1.7937937937937938,1.7947937937937937,,1.2219159159159159
188,0.24424424424424424,0.24524424424424424,1.7897897897897899,1.7907897897897898,,1.2099069069069068
189,0.23223223223223222,0.23323223223223222,1.7857857857857857,1.7867857857857856,,1.2019009009009007
190,0.22022022022022023,0.22122022022022023,1.7817817817817818,1.7827817817817817,,1.1938948948948949
191,0.2122122122122122,0.2132122122122122,1.7817817817817818,1.7827817817817817,,1.1858888888888888
192,0.20020020020020018,0.20120020020020019,1.7777777777777777,1.7787777777777776,,1.1738798798798797
193,0.1881881881881882,0.1891881881881882,1.7737737737737738,1.7747737737737737,,1.1658738738738739
194,0.17617617617617617,0.17717617617617618,1.7697697697697699,1.7707697697697697,,1.1578678678678678
195,0.16416416416416416,0.16516416416416416,1.7657657657657657,1.7667657657657656,,1.1458588588588587
196,0.15215215215215216,0.15315215215215217,1.7617617617617618,1.7627617617617617,,1.1378528528528526
197,0.14014014014014015,0.14114014014014015,1.7577577577577577,1.7587577577577576,,1.1258438438438438
198,0.12412412412412413,0.12512412412412413,1.7537537537537538,1.7547537537537536,,1.1178378378378377
199,0.11211211211211211,0.11311211211211211,1.7497497497497498,1.7507497497497497,,1.1058288288288287
200,0.10010010010010009,0.1011001001001001,1.7457457457457457,1.7467457457457456,,1.0978228228228226
201,0.08408408408408408,0.08508408408408408,1.7417417417417418,1.7427417417417417,,1.0858138138138138
202,0.06806806806806806,0.06906806806806806,1.7377377377377377,1.7387377377377375,,1.0778078078078077
203,0.056056056056056056,0.057056056056056056,1.7337337337337337,1.7347337337337336,,1.0657987987987987
204,0.04004004004004004,0.04104004004004004,1.7297297297297298,1.7307297297297297,1.053053053053053,1.054053053053053
205,0.024024024024024024,0.025024024024024025,1.7257257257257257,1.7267257257257256,1.045045045045045,1.046045045045045
206,0.004004004004004004,0.005004004004004004,1.7217217217217218,1.7227217217217217,1.033033033033033,1.034033033033033
207,0.0,0.001,1.7177177177177176,1.7187177177177175,1.021021021021021,1.022021021021021
208,0.0,0.001,1.7177177177177176,1.7187177177177175,1.009009009009009,1.0100090090090088
209,0.0,0.001,1.7137137137137137,1.7147137137137136,0.996996996996997,0.997996996996997
210,0.0,0.001,1.7097097097097096,1.7107097097097095,0.984984984984985,0.985984984984985
211,0.0,0.001,1.7057057057057057,1.7067057057057056,0.9729729729729729,0.9739729729729729
212,0.0,0.001,1.7017017017017018,1.7027017017017017,0.960960960960961,0.961960960960961
213,0.0,0.001,1.6976976976976976,1.6986976976976975,0.948948948948949,0.949948948948949
214,0.0,0.001,1.6936936936936937,1.6946936936936936,0.9369369369369369,0.9379369369369369
215,0.0,0.001,1.6896896896896896,1.6906896896896895,0.9209209209209209,0.9219209209209209
216,0.0,0.001,1.6856856856856857,1.6866856856856856,0.9089089089089089,0.9099089089089089
217,0.0,0.001,1.6816816816816818,1.6826816816816816,0.8968968968968969,0.8978968968968969
218,0.0,0.001,1.6776776776776776,1.6786776776776775,0.8808808808808809,0.8818808808808809
219,0.0,0.001,1.6736736736736737,1.6746736736736736,0.8688688688688688,0.8698688688688688
220,0.0,0.001,1.6696696696696696,1.6706696696696695,0.8528528528528528,0.8538528528528528
221,0.0,0.001,1.6656656656656657,1.6666656656656655,0.8408408408408409,0.8418408408408409
222,0.0,0.001,1.6656656656656657,1.6666656656656655,0.8248248248248248,0.8258248248248248
223,0.0,0.001,1.6616616616616617,1.6626616616616616,0.8088088088088088,0.8098088088088088
224,0.0,0.001,1.6576576576576576,1.6586576576576575,0.7967967967967968,0.7977967967967968
225,0.0,0.001,1.6536536536536537,1.6546536536536536,0.7807807807807807,0.7817807807807807
226,0.0,0.001,1.6496496496496496,1.6506496496496494,0.7647647647647647,0.7657647647647647
227,0.0,0.001,1.6456456456456456,1.6466456456456455,0.7487487487487487,0.7497487487487488
228,0.0,0.001,1.6416416416416417,1.6426416416416416,0.7327327327327328,0.7337327327327328
229,0.0,0.001,1.6376376376376376,1.6386376376376375,0.7167167167167167,0.7177167167167167
230,0.0,0.001,1.6336336336336337,1.6346336336336336,0.7007007007007007,0.7017007007007007
231,0.0,0.001,1.6296296296296295,1.6306296296296294,0.6846846846846847,0.6856846846846847
232,0.0,0.001,1.6256256256256256,1.6266256256256255,0.6646646646646647,0.6656646646646647
233,0.0,0.001,1.6256256256256256,1.6266256256256255,0.6486486486486487,0.6496486486486487
234,0.0,0.001,1.6216216216216217,1.6226216216216216,0.6326326326326326,0.6336326326326326
235,0.0,0.001,1.6176176176176176,1.6186176176176175,0.6126126126126126,0.6136126126126126
236,0.0,0.001,1.6136136136136137,1.6146136136136136,0.5965965965965966,0.5975965965965966
237,0.0,0.001,1.6096096096096095,1.6106096096096094,0.5765765765765766,0.5775765765765766
238,0.0,0.001,1.6056056056056056,1.6066056056056055,0.5565565565565566,0.5575565565565566
239,0.0,0.001,1.6016016016016015,1.6026016016016014,0.5365365365365365,0.5375365365365365
240,0.0,0.001,1.5975975975975976,1.5985975975975975,0.5205205205205206,0.5215205205205206
241,0.0,0.001,1.5935935935935936,1.5945935935935935,0.5005005005005005,0.5015005005005005
242,0.0,0.001,1.5895895895895895,1.5905895895895894,0.4804804804804805,0.4814804804804805
243,0.0,0.001,1.5895895895895895,1.5905895895895894,0.46046046046046046,0.46146046046046046
244,0.0,0.001,1.5855855855855856,1.5865855855855855,0.44044044044044045,0.44144044044044045
245,0.0,0.001,1.5815815815815815,1.5825815815815814,0.42042042042042044,0.42142042042042044
246,0.0,0.001,1.5775775775775776,1.5785775775775774,0.3963963963963964,0.3973963963963964
247,0.0,0.001,1.5735735735735736,1.5745735735735735,0.3763763763763764,0.3773763763763764
248,0.0,0.001,1.5695695695695695,1.5705695695695694,0.3563563563563564,0.3573563563563564
249,0.0,0.001,1.5655655655655656,1.5665655655655655,0.3363363363363363,0.3373363363363363
250,0.0,0.001,1.5615615615615615,1.5625615615615613,0.3123123123123123,0.3133123123123123
251,0.0,0.001,1.5575575575575575,1.5585575575575574,0.2922922922922923,0.2932922922922923
252,0.0,0.001,1.5575575575575575,1.5585575575575574,0.27227227227227224,0.27327227227227224
253,0.0,0.001,1.5535535535535536,1.5545535535535535,0.24824824824824826,0.24924824824824826
254,0.0,0.001,1.5495495495495495,1.5505495495495494,0.22822822822822822,0.22922822822822822
255,0.0,0.001,1.5455455455455456,1.5465455455455455,0.2042042042042042,0.2052042042042042
256,0.0,,1.5415415415415414,1.5425415415415413,0.1841841841841842,0.1851841841841842
257,0.0,,1.5375375375375375,1.5385375375375374,0.16016016016016016,0.16116016016016016
258,0.0,,1.5335335335335336,1.5345335335335335,0.14014014014014015,0.14114014014014015
259,0.0,,1.5295295295295295,1.5305295295295294,0.11611611611611611,0.11711611611611611
260,0.0,,1.5295295295295295,1.5305295295295294,0.0960960960960961,0.0970960960960961
261,0.0,,1.5255255255255256,1.5265255255255255,0.07207207207207207,0.07307207207207207
262,0.0,,1.5215215215215214,1.5225215215215213,0.05205205205205205,0.05305205205205205
263,0.0,,1.5175175175175175,1.5185175175175174,0.03203203203203203,0.03303203203203203
264,0.0,,1.5135135135135136,1.5145135135135135,0.008008008008008008,0.009008008008008009
265,0.0,,1.5095095095095095,1.5105095095095094,0.0,0.001
266,0.0,,1.5055055055055055,1.5065055055055054,0.0,0.001
267,0.0,,1.5055055055055055,1.5065055055055054,0.0,0.001
268,0.0,,1.5015015015015014,1.5025015015015013,0.0,0.001
269,0.0,,1.4974974974974975,1.4984974974974974,0.0,0.001
270,0.0,,1.4934934934934936,1.4944934934934935,0.0,0.001
271,0.0,,1.4894894894894894,1.4904894894894893,0.0,0.001
272,0.0,,1.4854854854854855,1.4864854854854854,0.0,0.001
273,0.0,,1.4814814814814814,1.4824814814814813,0.0,0.001
274,0.0,,1.4814814814814814,1.4824814814814813,0.0,0.001
275,0.0,,1.4774774774774775,1.4784774774774774,0.0,0.001
276,0.0,,1.4734734734734736,1.4744734734734735,0.0,0.001
277,0.0,,1.4694694694694694,1.4704694694694693,0.0,0.001
278,0.0,,1.4654654654654655,1.4664654654654654,0.0,0.001
279,0.0,,1.4614614614614614,1.4624614614614613,0.0,0.001
280,0.0,,1.4614614614614614,1.4624614614614613,0.0,0.001
281,0.0,,1.4574574574574575,1.4584574574574574,0.0,0.001
282,0.0,,1.4534534534534533,1.4544534534534532,0.0,0.001
283,0.0,,1.4494494494494494,1.4504494494494493,0.0,0.001
284,0.0,,1.4454454454454455,1.4464454454454454,0.0,0.001
285,0.0,,1.4414414414414414,1.4424414414414413,0.0,0.001
286,0.0,,1.4414414414414414,1.4424414414414413,0.0,0.001
287,0.0,,1.4374374374374375,1.4384374374374373,0.0,0.001
288,0.0,,1.4334334334334333,1.4344334334334332,0.0,0.001
289,0.0,,1.4294294294294294,1.4304294294294293,0.0,0.001
290,0.0,,1.4254254254254255,1.4264254254254254,0.0,0.001
291,0.0,,1.4214214214214214,1.4224214214214213,0.0,0.001
292,0.0,,1.4214214214214214,1.4224214214214213,0.0,0.001
293,0.0,,1.4174174174174174,1.4184174174174173,0.0,0.001
294,0.0,,1.4134134134134133,1.4144134134134132,0.0,0.001
295,0.0,,1.4094094094094094,1.4104094094094093,0.0,0.001
296,0.0,,1.4054054054054055,1.4064054054054054,0.0,0.001
297,0.0,,1.4054054054054055,1.4064054054054054,0.0,0.001
298,0.0,,1.4014014014014013,1.4024014014014012,0.0,0.001
299,0.0,,1.3973973973973974,1.3983973973973973,0.0,0.001
300,0.0,,1.3933933933933933,1.3943933933933932,0.0,0.001
301,0.0,,1.3893893893893894,1.3903893893893893,0.0,0.001
302,0.0,,1.3893893893893894,1.3903893893893893,0.0,0.001
303,0.0,,1.3853853853853855,1.3863853853853854,0.0,0.001
304,0.0,,1.3813813813813813,1.3823813813813812,0.0,0.001
305,0.0,,1.3773773773773774,1.3783773773773773,0.0,0.001
306,0.0,,1.3733733733733733,1.3743733733733732,0.0,0.001
307,0.0,,1.3733733733733733,1.3743733733733732,0.0,0.001
308,0.0,,1.3693693693693694,1.3703693693693693,0.0,0.001
309,0.0,,1.3653653653653655,1.3663653653653653,0.0,0.001
310,0.0,,1.3613613613613613,1.3623613613613612,0.0,0.001
311,0.0,,1.3573573573573574,1.3583573573573573,0.0,0.001
312,0.0,,1.3573573573573574,1.3583573573573573,0.0,0.001
313,0.0,,1.3533533533533533,1.3543533533533532,0.0,0.001
314,0.0,,1.3493493493493494,1.3503493493493492,0.0,0.001
315,0.0,,1.3453453453453452,1.3463453453453451,0.0,0.001
316,0.0,,1.3453453453453452,1.3463453453453451,0.0,0.001
317,0.0,,1.3413413413413413,1.3423413413413412,0.0,0.001
318,0.0,,1.3373373373373374,1.3383373373373373,0.0,0.001
319,0.0,,1.3333333333333333,1.3343333333333331,0.0,0.001
320,0.0,,1.3293293293293293,1.3303293293293292,0.0,0.001
321,0.0,,1.3293293293293293,1.3303293293293292,0.0,0.001
322,0.0,,1.3253253253253252,1.326325325325325,0.0,0.001
323,0.0,,1.3213213213213213,1.3223213213213212,0.0,0.001
324,0.0,,1.3173173173173174,1.3183173173173173,0.0,0.001
325,0.0,,1.3173173173173174,1.3183173173173173,0.0,0.001
326,0.0,,1.3133133133133132,1.3143133133133131,0.0,0.001
327,0.0,,1.3093093093093093,1.3103093093093092,0.0,0.001
328,0.0,,1.3053053053053052,1.306305305305305,0.0,0.001
329,0.0,,1.3053053053053052,1.306305305305305,0.0,0.001
330,0.0,,1.3013013013013013,1.3023013013013012,0.0,0.001
331,0.0,,1.2972972972972974,1.2982972972972973,0.0,0.001
332,0.0,,1.2932932932932932,1.2942932932932931,0.0,0.001
333,0.0,,1.2932932932932932,1.2942932932932931,0.0,0.001
334,0.0,,1.2892892892892893,1.2902892892892892,0.0,0.001
335,0.0,,1.2852852852852852,1.286285285285285,0.0,0.001
336,0.0,,1.2812812812812813,1.2822812812812812,0.0,0.001
337,0.0,,1.2812812812812813,1.2822812812812812,0.0,0.001
338,0.0,,1.2772772772772774,1.2782772772772772,0.0,0.001
339,0.0,,1.2732732732732732,1.274273273273273,0.0,0.001
340,0.0,,1.2692692692692693,1.2702692692692692,0.0,0.001
341,0.0,,1.2692692692692693,1.2702692692692692,0.0,0.001
342,0.0,,1.2652652652652652,1.266265265265265,0.0,0.001
343,0.0,,1.2612612612612613,1.2622612612612611,0.0,0.001
344,0.0,,1.2612612612612613,1.2622612612612611,0.0,0.001
345,0.0,,1.2572572572572573,1.2582572572572572,0.0,0.001
346,0.0,,1.2532532532532532,1.254253253253253,0.0,0.001
347,0.0,,1.2492492492492493,1.2502492492492492,0.0,0.001
348,0.0,,1.2492492492492493,1.2502492492492492,0.0,0.001
349,0.0,,1.2452452452452452,1.246245245245245,0.0,0.001
350,0.0,,1.2412412412412412,1.2422412412412411,0.0,0.001
351,0.0,,1.2412412412412412,1.2422412412412411,0.0,0.001
352,0.0,,1.2372372372372373,1.2382372372372372,0.0,0.001
353,0.0,,1.2332332332332332,1.234233233233233,0.0,0.001
354,0.0,,1.2292292292292293,1.2302292292292292,0.0,0.001
355,0.0,,1.2292292292292293,1.2302292292292292,0.0,0.001
356,0.0,,1.2252252252252251,1.226225225225225,0.0,0.001
357,0.0,,1.2212212212212212,1.2222212212212211,0.0,0.001
358,0.0,,1.2212212212212212,1.2222212212212211,0.0,0.001
359,0.0,,1.2172172172172173,1.2182172172172172,0.0,0.001
360,0.0,,1.2132132132132132,1.214213213213213,0.0,0.001
361,0.0,,1.2132132132132132,1.214213213213213,0.0,0.001
362,0.0,,1.2092092092092093,1.2102092092092092,0.0,0.001
363,0.0,,1.2052052052052051,1.206205205205205,0.0,0.001
364,0.0,,1.2052052052052051,1.206205205205205,0.0,0.001
365,0.0,,1.2012012012012012,1.202201201201201,0.0,0.001
366,0.0,,1.197197197197197,1.198197197197197,0.0,0.001
367,0.0,,1.1931931931931932,1.194193193193193,0.0,0.001
368,0.0,,1.1931931931931932,1.194193193193193,0.0,0.001
369,0.0,,1.1891891891891893,1.1901891891891891,0.0,0.001
370,0.0,,1.1851851851851851,1.186185185185185,0.0,0.001
371,0.0,,1.1851851851851851,1.186185185185185,0.0,0.001
372,0.0,,1.1811811811811812,1.182181181181181,0.0,0.001
373,0.0,,1.177177177177177,1.178177177177177,0.0,0.001
374,0.0,,1.177177177177177,1.178177177177177,0.0,0.001
375,0.0,,1.1731731731731732,1.174173173173173,0.0,0.001
376,0.0,,1.1691691691691692,1.1701691691691691,0.0,0.001
377,0.0,,1.1691691691691692,1.1701691691691691,0.0,0.001
378,0.0,,1.165165165165165,1.166165165165165,0.0,0.001
379,0.0,,1.1611611611611612,1.162161161161161,0.0,0.001
380,0.0,,1.1611611611611612,1.162161161161161,0.0,0.001
381,0.0,,1.157157157157157,1.158157157157157,0.0,0.001
382,0.0,,1.157157157157157,1.158157157157157,0.0,0.001
383,0.0,,1.1531531531531531,1.154153153153153,0.0,0.001
384,0.0,,1.1491491491491492,1.1501491491491491,0.0,0.001
385,0.0,,1.1491491491491492,1.1501491491491491,0.0,0.001
386,0.0,,1.145145145145145,1.146145145145145,0.0,0.001
387,0.0,,1.1411411411411412,1.142141141141141,0.0,0.001
388,0.0,,1.1411411411411412,1.142141141141141,0.0,0.001
389,0.0,,1.137137137137137,1.138137137137137,0.0,0.001
390,0.0,,1.1331331331331331,1.134133133133133,0.0,0.001
391,0.0,,1.1331331331331331,1.134133133133133,0.0,0.001
392,0.0,,1.1291291291291292,1.130129129129129,0.0,0.001
393,0.0,,1.1291291291291292,1.130129129129129,0.0,0.001
394,0.0,,1.125125125125125,1.126125125125125,0.0,0.001
395,0.0,,1.1211211211211212,1.122121121121121,0.0,0.001
396,0.0,,1.1211211211211212,1.122121121121121,0.0,0.001
397,0.0,,1.117117117117117,1.118117117117117,0.0,0.001
398,0.0,,1.1131131131131131,1.114113113113113,0.0,0.001
399,0.0,,1.1131131131131131,1.114113113113113,0.0,0.001
400,0.0,,1.1091091091091092,1.110109109109109,0.0,0.001
401,0.0,,1.1091091091091092,1.110109109109109,0.0,0.001
402,0.0,,1.105105105105105,1.106105105105105,0.0,0.001
403,0.0,,1.1011011011011012,1.102101101101101,0.0,0.001
404,0.0,,1.1011011011011012,1.102101101101101,0.0,0.001
405,0.0,,1.097097097097097,1.098097097097097,0.0,0.001
406,0.0,,1.097097097097097,1.098097097097097,0.0,0.001
407,0.0,,1.093093093093093,1.094093093093093,0.0,0.001
408,0.0,,1.089089089089089,1.0900890890890889,0.0,0.001
409,0.0,,1.089089089089089,1.0900890890890889,0.0,0.001
410,0.0,,1.085085085085085,1.086085085085085,0.0,0.001
411,0.0,,1.0810810810810811,1.082081081081081,0.0,0.001
412,0.0,,1.0810810810810811,1.082081081081081,0.0,0.001
413,0.0,,1.077077077077077,1.078077077077077,0.0,0.001
414,0.0,,1.077077077077077,1.078077077077077,0.0,0.001
415,0.0,,1.073073073073073,1.074073073073073,0.0,0.001
416,0.0,,1.073073073073073,1.074073073073073,0.0,0.001
417,0.0,,1.069069069069069,1.0700690690690688,0.0,0.001
418,0.0,,1.065065065065065,1.066065065065065,0.0,0.001
419,0.0,,1.065065065065065,1.066065065065065,0.0,0.001
420,0.0,,1.0610610610610611,1.062061061061061,0.0,0.001
421,0.0,,1.0610610610610611,1.062061061061061,0.0,0.001
422,0.0,,1.057057057057057,1.0580570570570569,0.0,0.001
423,0.0,,1.053053053053053,1.054053053053053,0.0,0.001
424,0.0,,1.053053053053053,1.054053053053053,0.0,0.001
425,0.0,,1.049049049049049,1.0500490490490488,0.0,0.001
426,0.0,,1.049049049049049,1.0500490490490488,0.0,0.001
427,0.0,,1.045045045045045,1.046045045045045,0.0,0.001
428,0.0,,1.045045045045045,1.046045045045045,0.0,0.001
429,0.0,,1.0410410410410411,1.042041041041041,0.0,0.001
430,0.0,,1.0410410410410411,1.042041041041041,0.0,0.001
431,0.0,,1.037037037037037,1.0380370370370369,0.0,0.001
432,0.0,,1.033033033033033,1.034033033033033,0.0,0.001
433,0.0,,1.033033033033033,1.034033033033033,0.0,0.001
434,0.0,,1.029029029029029,1.0300290290290288,0.0,0.001
435,0.0,,1.029029029029029,1.0300290290290288,0.0,0.001
436,0.0,,1.025025025025025,1.026025025025025,0.0,0.001
437,0.0,,1.025025025025025,1.026025025025025,0.0,0.001
438,0.0,,1.021021021021021,1.022021021021021,0.0,0.001
439,0.0,,1.021021021021021,1.022021021021021,0.0,0.001
440,0.0,,1.017017017017017,1.0180170170170169,0.0,0.001
441,0.0,,1.013013013013013,1.014013013013013,0.0,0.001
442,0.0,,1.013013013013013,1.014013013013013,0.0,0.001
443,0.0,,1.009009009009009,1.0100090090090088,0.0,0.001
444,0.0,,1.009009009009009,1.0100090090090088,0.0,0.001
445,0.0,,1.005005005005005,1.006005005005005,0.0,0.001
446,0.0,,1.005005005005005,1.006005005005005,0.0,0.001
447,0.0,,1.001001001001001,1.002001001001001,0.0,0.001
448,0.0,,1.001001001001001,1.002001001001001,0.0,0.001
449,0.0,,0.996996996996997,0.997996996996997,0.0,0.001
450,0.0,,0.996996996996997,0.997996996996997,0.0,0.001
451,0.0,,0.992992992992993,0.993992992992993,0.0,0.001
452,0.0,,0.992992992992993,0.993992992992993,0.0,0.001
453,0.0,,0.988988988988989,0.989988988988989,0.0,0.001
454,0.0,,0.988988988988989,0.989988988988989,0.0,0.001
455,0.0,,0.984984984984985,0.985984984984985,0.0,0.001
456,0.0,,0.980980980980981,0.981980980980981,0.0,0.001
457,0.0,,0.980980980980981,0.981980980980981,0.0,0.001
458,0.0,,0.9769769769769769,0.9779769769769769,0.0,0.001
459,0.0,,0.9769769769769769,0.9779769769769769,0.0,0.001
460,0.0,,0.9729729729729729,0.9739729729729729,0.0,0.001
461,0.0,,0.9729729729729729,0.9739729729729729,0.0,0.001
462,0.0,,0.968968968968969,0.969968968968969,0.0,0.001
463,0.0,,0.968968968968969,0.969968968968969,0.0,0.001
464,0.0,,0.964964964964965,0.965964964964965,0.0,0.001
465,0.0,,0.964964964964965,0.965964964964965,0.0,0.001
466,0.0,,0.960960960960961,0.961960960960961,0.0,0.001
467,0.0,,0.960960960960961,0.961960960960961,0.0,0.001
468,0.0,,0.9569569569569569,0.9579569569569569,0.0,0.001
469,0.0,,0.9569569569569569,0.9579569569569569,0.0,0.001
470,0.0,,0.9529529529529529,0.9539529529529529,0.0,0.001
471,0.0,,0.9529529529529529,0.9539529529529529,0.0,0.001
472,0.0,,0.948948948948949,0.949948948948949,0.0,0.001
473,0.0,,0.948948948948949,0.949948948948949,0.0,0.001
474,0.0,,0.944944944944945,0.945944944944945,0.0,0.001
475,0.0,,0.944944944944945,0.945944944944945,0.0,0.001
476,0.0,,0.9409409409409409,0.9419409409409409,0.0,0.001
477,0.0,,0.9409409409409409,0.9419409409409409,0.0,0.001
478,0.0,,0.9369369369369369,0.9379369369369369,0.0,0.001
479,0.0,,0.9369369369369369,0.9379369369369369,0.0,0.001
480,0.0,,0.9369369369369369,0.9379369369369369,0.0,0.001
481,0.0,,0.9329329329329329,0.9339329329329329,0.0,0.001
482,0.0,,0.9329329329329329,0.9339329329329329,0.0,0.001
483,0.0,,0.9289289289289289,0.9299289289289289,0.0,0.001
484,0.0,,0.9289289289289289,0.9299289289289289,0.0,0.001
485,0.0,,0.924924924924925,0.925924924924925,0.0,0.001
486,0.0,,0.924924924924925,0.925924924924925,0.0,0.001
487,0.0,,0.9209209209209209,0.9219209209209209,0.0,0.001
488,0.0,,0.9209209209209209,0.9219209209209209,0.0,0.001
489,0.0,,0.9169169169169169,0.9179169169169169,0.0,0.001
490,0.0,,0.9169169169169169,0.9179169169169169,0.0,0.001
491,0.0,,0.9129129129129129,0.9139129129129129,0.0,0.001
492,0.0,,0.9129129129129129,0.9139129129129129,0.0,0.001
493,0.0,,0.9089089089089089,0.9099089089089089,0.0,0.001
494,0.0,,0.9089089089089089,0.9099089089089089,0.0,0.001
495,0.0,,0.9049049049049049,0.9059049049049049,0.0,0.001
496,0.0,,0.9049049049049049,0.9059049049049049,0.0,0.001
497,0.0,,0.9049049049049049,0.9059049049049049,0.0,0.001
498,0.0,,0.9009009009009009,0.9019009009009009,0.0,0.001
499,0.0,,0.9009009009009009,0.9019009009009009,0.0,0.001
